,area,bedroom,price,location
1,26,5,21000000,คลองเตย
2,55,4,78000000,คลองเตย
3,24,3,13500000,คลองเตย
4,34,3,44000000,คลองเตย
5,33,3,21900000,คลองเตย
6,23,5,13900000,คลองเตย
7,70.2,5,20500000,จตุจักร
8,99,7,65000000,จตุจักร
9,113,4,19000000,จตุจักร
10,148,5,38000000,จตุจักร
11,46,3,35500000,จตุจักร
12,151,5,48500000,จตุจักร
13,148,5,37990000,จตุจักร
14,34.1,3,7600000,จตุจักร
15,110,5,16500000,จตุจักร
16,64,4,48000000,จตุจักร
17,24.9,3,17000000,จตุจักร
18,110,6,17000000,จตุจักร
19,91,5,45000000,จตุจักร
20,101,4,34500000,จตุจักร
21,45,5,8900000,จตุจักร
22,78,5,16000000,จตุจักร
23,70,5,20500000,จตุจักร
24,29.7,3,25900000,จตุจักร
25,60.1,5,14290000,ดอนเมือง
26,61.2,4,15990000,ดอนเมือง
27,51,2,6000000,ดอนเมือง
28,333,4,32000000,ดอนเมือง
29,54,3,16900000,ดอนเมือง
30,39.3,3,5890000,ดอนเมือง
31,81,4,25400000,ดอนเมือง
32,81,4,25400000,ดอนเมือง
33,17,2,1990000,ดอนเมือง
34,70,4,9900000,ดอนเมือง
35,155,4,55000000,ดอนเมือง
36,56.2,3,4900000,ดอนเมือง
37,55,3,36000000,ดอนเมือง
38,100,3,36000000,ดอนเมือง
39,17.9,3,3400000,ดอนเมือง
40,35,2,2300000,ดอนเมือง
41,52.5,3,4500000,ดอนเมือง
42,20,2,6500000,ดอนเมือง
43,20,2,6500000,ดอนเมือง
44,50.5,3,6590000,ดอนเมือง
45,87,5,20900000,ดอนเมือง
46,54,3,16900000,ดอนเมือง
47,23,3,5600000,ดอนเมือง
48,17.7,3,3990000,ดอนเมือง
49,39,3,5890000,ดอนเมือง
50,84,4,15288000,ดอนเมือง
51,73.5,3,9700000,ดอนเมือง
52,92.6,4,16390200,ดอนเมือง
53,18,2,3990000,ดอนเมือง
54,21.4,3,2590000,ดอนเมือง
55,28,3,3800000,ดอนเมือง
56,54.7,3,23998000,ดอนเมือง
57,28.3,3,6500000,ดอนเมือง
58,52.5,4,4990000,ดอนเมือง
59,22.2,3,7500000,ดอนเมือง
60,66.2,4,8900000,ดอนเมือง
61,35,5,8500000,ดอนเมือง
62,68.3,5,16999999,ดอนเมือง
63,25,2,1950000,ดอนเมือง
64,25,2,1950000,ดอนเมือง
65,54,2,5900000,ดอนเมือง
66,18,2,2300000,ดอนเมือง
67,36,3,3200000,ดอนเมือง
68,80,4,26100000,ดอนเมือง
69,84,4,12300000,ดอนเมือง
70,23,3,2590000,ดอนเมือง
71,120,5,39400000,ดอนเมือง
72,60,4,15000000,ดอนเมือง
73,62,3,15500000,ดอนเมือง
74,400,6,48000000,ดอนเมือง
75,387,6,50000000,ดอนเมือง
76,52.5,3,11900000,ดอนเมือง
77,70.4,3,6900000,ดอนเมือง
78,50,4,9200000,ดอนเมือง
79,73,5,6800000,ดอนเมือง
80,19,2,2000000,ดอนเมือง
81,21,3,3000000,ดอนเมือง
82,23.2,3,2790000,ดอนเมือง
83,52,3,7100000,ดอนเมือง
84,81,4,25400000,ดอนเมือง
85,120,3,18500000,ดอนเมือง
86,18,2,3990000,ดอนเมือง
87,35.8,3,6190000,ดอนเมือง
88,17.5,2,2090000,ดอนเมือง
89,35.4,6,10300000,ดอนเมือง
90,22.2,3,2790000,ดอนเมือง
91,39.3,3,6900000,ดอนเมือง
92,126,3,16900000,ดอนเมือง
93,64.6,3,6490000,ดอนเมือง
94,22.7,3,3500000,ดอนเมือง
95,32.6,1,13500000,ดอนเมือง
96,22.5,3,11000000,ดอนเมือง
97,25.4,3,3000000,ดอนเมือง
98,24.9,3,5390000,ดอนเมือง
99,17.1,3,2600000,ดอนเมือง
100,20.1,3,6990000,ดอนเมือง
101,17.9,3,3890000,ดอนเมือง
102,128.4,3,17800000,ดอนเมือง
103,67,3,7370000,ดอนเมือง
104,70.4,3,5990000,ดอนเมือง
105,89,6,89000000,ดอนเมือง
106,144,3,18000000,ดอนเมือง
107,20,2,1690000,ดอนเมือง
108,26,3,7350000,ดอนเมือง
109,24,3,3300000,ดอนเมือง
110,21.4,3,2300000,ดอนเมือง
111,42,3,7500000,ดอนเมือง
112,69.6,4,4300000,ดอนเมือง
113,32.6,3,13500000,ดอนเมือง
114,35,3,6190000,ดอนเมือง
115,81,4,25400000,ดอนเมือง
116,128.2,5,39490000,ดอนเมือง
117,131,5,39000000,ดอนเมือง
118,136.9,5,75000000,ดอนเมือง
119,51.2,3,3200000,บางขุนเทียน
120,50,3,3000000,บางขุนเทียน
121,148,5,23000000,บางขุนเทียน
122,158,5,29900000,บางขุนเทียน
123,45,4,3250000,บางขุนเทียน
124,135,4,18000000,บางขุนเทียน
125,50.6,3,4690000,บางขุนเทียน
126,19.4,3,2850000,บางขุนเทียน
127,18.5,3,2790000,บางขุนเทียน
128,218.6,5,32000000,บางขุนเทียน
129,98,3,3680000,บางขุนเทียน
130,129.8,4,18000000,บางขุนเทียน
131,129.8,4,18000000,บางขุนเทียน
132,32.4,4,4200000,บางขุนเทียน
133,54,3,5500000,บางขุนเทียน
134,63.8,3,6500000,บางขุนเทียน
135,18,1,3490000,บางขุนเทียน
136,53.6,3,6990000,บางขุนเทียน
137,21,4,2900000,บางขุนเทียน
138,158,5,29900000,บางขุนเทียน
139,19.6,3,4890000,บางขุนเทียน
140,175,4,49000000,บางขุนเทียน
141,66.3,4,5090000,บางขุนเทียน
142,158,5,29900000,บางขุนเทียน
143,101,3,6500000,บางขุนเทียน
144,70,3,3900000,บางขุนเทียน
145,89,4,5999000,บางขุนเทียน
146,174,5,69800000,บางขุนเทียน
147,200,5,24000000,บางขุนเทียน
148,158,5,29900000,บางขุนเทียน
149,20.6,3,2890000,บางขุนเทียน
150,106.4,3,8250000,บางขุนเทียน
151,200,10,186000000,บางขุนเทียน
152,39,3,3990000,บางขุนเทียน
153,174,5,69800000,บางขุนเทียน
154,20.7,3,3950000,บางขุนเทียน
155,58.1,4,5100000,บางขุนเทียน
156,129.8,4,16900000,บางขุนเทียน
157,106,3,5500000,บางขุนเทียน
158,21,4,2450000,บางขุนเทียน
159,21,4,2350000,บางขุนเทียน
160,16.5,3,2000000,บางขุนเทียน
161,52.1,3,6482000,บางขุนเทียน
162,81,4,7900000,บางขุนเทียน
163,60,5,4400000,บางขุนเทียน
164,55,3,6200000,บางขุนเทียน
165,143.6,3,8500000,บางขุนเทียน
166,112.8,4,6500000,บางขุนเทียน
167,54,3,5140000,บางขุนเทียน
168,50,3,2990000,บางขุนเทียน
169,30,4,3450000,บางขุนเทียน
170,120,3,19000000,บางขุนเทียน
171,52,3,3450000,บางขุนเทียน
172,50.6,3,4690000,บางขุนเทียน
173,54,3,6500000,บางขุนเทียน
174,81,4,12900000,บางขุนเทียน
175,37.2,4,6800000,บางขุนเทียน
176,17,2,2490000,บางขุนเทียน
177,16.5,2,1850000,บางขุนเทียน
178,65,3,7900000,บางขุนเทียน
179,93,4,5690000,บางขุนเทียน
180,93,4,5690000,บางขุนเทียน
181,93,4,5690000,บางขุนเทียน
182,79.5,3,5290000,บางขุนเทียน
183,60,3,5590000,บางขุนเทียน
184,83.7,3,6500000,บางขุนเทียน
185,70,4,24500000,บางขุนเทียน
186,109.1,4,9290000,บางขุนเทียน
187,17.5,3,3200000,บางขุนเทียน
188,29.6,3,5590000,บางขุนเทียน
189,19,6,4350000,บางขุนเทียน
190,63,5,6200000,บางขุนเทียน
191,19,4,4350000,บางขุนเทียน
192,50,3,6900000,บางขุนเทียน
193,200,5,95000000,บางขุนเทียน
194,16,2,1990000,บางขุนเทียน
195,156.5,5,49000000,บางขุนเทียน
196,74.4,4,6350000,บางขุนเทียน
197,51.9,4,6450000,บางขุนเทียน
198,60,3,4650000,บางขุนเทียน
199,18,2,2290000,บางขุนเทียน
200,120.3,3,19000000,บางขุนเทียน
201,110,4,5800000,บางขุนเทียน
202,30,4,3750000,บางขุนเทียน
203,88,4,9900000,บางขุนเทียน
204,33.3,3,6500000,บางขุนเทียน
205,80,4,12900000,บางขุนเทียน
206,300,3,19000000,บางขุนเทียน
207,31.1,3,6700000,บางแค
208,168.2,4,26000000,บางแค
209,85.6,5,10300000,บางแค
210,19,4,4100000,บางแค
211,19.2,4,3990000,บางแค
212,60,3,5290000,บางแค
213,27,3,2770000,บางแค
214,18,4,2290000,บางแค
215,19,3,4490000,บางแค
216,20.3,3,2890000,บางแค
217,84.5,4,13500000,บางแค
218,107.3,4,10900000,บางแค
219,16,2,1590000,บางแค
220,22.5,4,3290000,บางแค
221,20,2,2400000,บางแค
222,40,2,2850000,บางแค
223,56.5,3,10400000,บางแค
224,53.5,3,4500000,บางแค
225,23,4,3990000,บางแค
226,38.4,3,3490000,บางแค
227,67.5,3,4500000,บางแค
228,18,3,2390000,บางแค
229,111.4,4,8100000,บางแค
230,39.1,4,11990000,บางแค
231,43.4,3,4890000,บางแค
232,18,2,2500000,บางแค
233,33.4,3,3590000,บางแค
234,71.7,3,4000000,บางแค
235,21.3,3,2350000,บางแค
236,118,4,8290000,บางแค
237,46,3,3550000,บางแค
238,18,3,2490000,บางแค
239,240,4,27000000,บางแค
240,17,2,1900000,บางแค
241,104,4,6800000,บางแค
242,65,3,6890000,บางแค
243,408,3,31000000,บางแค
244,137,5,17800000,บางแค
245,60.8,4,11500000,บางแค
246,30,3,3550000,บางแค
247,117.6,4,23000000,บางแค
248,60,4,7200000,บางแค
249,60.8,4,15900000,บางแค
250,68.8,3,4500000,บางแค
251,55.6,3,4700000,บางแค
252,21.9,3,2790000,บางแค
253,37.4,4,9150000,บางแค
254,68.7,5,18000000,บางแค
255,35,3,3370000,บางแค
256,24.8,5,4500000,บางแค
257,25,2,2890000,บางแค
258,21.8,3,3790000,บางแค
259,37,4,3300000,บางแค
260,18.5,3,2375000,บางแค
261,22,3,2200000,บางแค
262,50.7,4,8450000,บางแค
263,36,3,4790000,บางแค
264,50,3,5990000,บางแค
265,18,3,2300000,บางแค
266,172.5,4,18000000,บางแค
267,54,3,2700000,บางแค
268,67.3,3,9200000,บางแค
269,111.7,4,18900000,บางแค
270,223,7,45000000,บางแค
271,20,4,2390000,บางแค
272,106.9,3,10340000,บางแค
273,18.1,2,2650000,บางแค
274,26,3,2640000,บางแค
275,20,4,2390000,บางแค
276,124.5,3,12500000,บางแค
277,23.3,3,2590000,บางแค
278,35.7,2,3300000,บางแค
279,56.7,4,12000000,บางแค
280,49,5,4500000,บางแค
281,41,4,11000000,บางแค
282,53,3,6450000,บางแค
283,35,6,7000000,บางแค
284,20,3,3330000,บางแค
285,85.6,4,14000000,บางแค
286,123,3,16900000,บางแค
287,109.6,4,16500000,บางแค
288,109.6,4,16500000,บางแค
289,231,6,19500000,บางแค
290,135,4,9900000,บางแค
291,65,3,6990000,บางแค
292,177.8,4,55000000,บางแค
293,17,2,2200000,บางแค
294,34,3,3500000,บางแค
295,117.6,4,23000000,บางแค
296,22,5,5990000,บางแค
297,20,3,2900000,บางแค
298,20,4,3790000,บางแค
299,91,7,7900000,บางแค
300,18.7,3,1970000,บางแค
301,143.3,4,28000000,บางแค
302,115,4,19900000,บางแค
303,144.6,6,12900000,บางแค
304,68.9,3,12000000,บางแค
305,103,5,16500000,บางแค
306,103,1,7900000,บางแค
307,18.7,3,4500000,บางแค
308,50,3,5900000,บางแค
309,30.5,3,2850000,บางแค
310,62,3,5500000,บางแค
311,17.1,3,3390000,บางแค
312,34,3,6300000,บางแค
313,37,3,5200000,บางแค
314,51,4,4690000,บางแค
315,20,3,3600000,บางแค
316,114.4,4,11900000,บางแค
317,19,3,2890000,บางแค
318,25,3,2850000,บางแค
319,34,3,6500000,บางแค
320,18,2,2300000,บางแค
321,18,1,1790000,บางแค
322,117,4,23000000,บางแค
323,42,5,14900000,บางแค
324,54,4,5900000,บางแค
325,51.8,3,4000000,บางแค
326,24.4,3,3000000,บางแค
327,35.9,3,3650000,บางแค
328,21.5,2,2100000,บางแค
329,68,2,34300000,บางแค
330,17.4,3,2990000,บางแค
331,22,2,2999000,บางแค
332,27.6,3,4100000,บางซื่อ
333,25.3,4,4500000,บางซื่อ
334,17,2,2980000,บางซื่อ
335,68,5,10000000,บางซื่อ
336,136,5,49500000,บางซื่อ
337,23.9,4,4190000,บางซื่อ
338,54,3,18000000,บางซื่อ
339,17.3,2,4290000,บางซื่อ
340,42,2,5000000,บางซื่อ
341,59,3,8500000,บางซื่อ
342,120,6,16500000,บางซื่อ
343,50,3,7200000,บางซื่อ
344,24,5,6790000,บางซื่อ
345,84,4,13000000,บางซื่อ
346,72,5,41200000,บางซื่อ
347,93,3,20000000,บางซื่อ
348,45.2,4,5500000,บางซื่อ
349,51,3,13000000,บางซื่อ
350,20,3,2500000,บางซื่อ
351,71.8,4,9900000,บางซื่อ
352,149,4,15000000,บางซื่อ
353,96,6,8000000,บางซื่อ
354,23,2,5600000,บางซื่อ
355,136,5,49500000,บางซื่อ
356,40.4,3,10000000,บางซื่อ
357,578,4,90000000,บางซื่อ
358,50,4,9000000,บางซื่อ
359,27,4,6800000,บางซื่อ
360,16.3,3,3125000,บางซื่อ
361,24.7,3,4300000,บางซื่อ
362,98,4,18000000,บางซื่อ
363,61,3,1990000,บางซื่อ
364,74,4,12000000,บางซื่อ
365,366,6,69900000,บางนา
366,88,5,24000000,บางนา
367,16,3,2100000,บางนา
368,242,5,39000000,บางนา
369,90,4,35000000,บางนา
370,108.2,4,22000000,บางนา
371,138.25,5,99000000,บางนา
372,103,3,15900000,บางนา
373,53,4,15000000,บางนา
374,86,5,26000000,บางนา
375,52.5,3,4590000,บางนา
376,130,4,50000000,บางนา
377,80,3,11000000,บางนา
378,89,5,21000000,บางนา
379,63,5,15000000,บางนา
380,51.4,3,5300000,บางนา
381,207,5,25000000,บางนา
382,258,4,45000000,บางนา
383,19.9,2,3490000,บางนา
384,108,4,19600000,บางนา
385,110.2,4,59000000,บางนา
386,57.3,4,19900000,บางนา
387,50,3,6500000,บางนา
388,108,4,23500007,บางนา
389,132.2,4,92000000,บางนา
390,110,4,45000000,บางนา
391,80.3,4,30000000,บางนา
392,57.3,4,19900000,บางนา
393,20.9,2,5190000,บางนา
394,77.9,4,23000000,บางนา
395,16,2,2990000,บางนา
396,79,4,23000000,บางนา
397,21.2,2,4500000,บางนา
398,54,6,11300000,บางนา
399,132,4,51900000,บางนา
400,75,4,17500000,บางนา
401,619,6,120000000,บางนา
402,121.1,4,33000000,บางนา
403,44,3,22000000,บางนา
404,49,3,19000000,บางนา
405,106,3,18900000,บางนา
406,67,4,10300000,บางนา
407,72.6,4,9260000,บางนา
408,18.8,2,4900000,บางนา
409,41.2,3,15900000,บางนา
410,65.5,4,14500000,บางนา
411,30.2,3,6390000,บางนา
412,72,4,9260000,บางนา
413,72,4,8900000,บางนา
414,80,3,11000000,บางนา
415,64,3,8755000,บางนา
416,69.3,4,26500000,บางนา
417,57.3,4,22000000,บางนา
418,50.3,3,7500000,บางนา
419,43,3,6990000,บางนา
420,74.4,4,16000000,บางนา
421,50.8,4,15900000,บางนา
422,16,2,2990000,บางนา
423,55,4,12300000,บางนา
424,37.5,3,7750000,บางนา
425,128,4,81900000,บางนา
426,88,5,24000000,บางนา
427,54.6,3,8690000,บางนา
428,58,4,9900000,บางนา
429,60,3,6700000,บางนา
430,38,3,3890000,บางนา
431,223,3,85900000,บางนา
432,28,5,9500000,บางนา
433,50.8,4,15000000,บางนา
434,77.9,4,23000000,บางนา
435,28,5,9900000,บางนา
436,88,5,24000000,บางนา
437,237,4,19900000,บางนา
438,52,3,2990000,บางนา
439,61,3,4900000,บางนา
440,51.2,3,5300000,บางนา
441,132.2,4,92000000,บางนา
442,40.5,3,5990000,บางนา
443,71.3,3,9990000,บางนา
444,69.3,4,24900000,บางนา
445,44,2,8900000,บางนา
446,32.2,3,4798000,บางนา
447,124,4,39000000,บางนา
448,18.8,2,4490000,บางนา
449,63,5,15000000,บางนา
450,69.3,4,24900000,บางนา
451,19.9,3,3690000,บางนา
452,57.3,4,19900000,บางนา
453,69.3,4,24900000,บางนา
454,121.94,5,32000000,บางนา
455,88,5,26000000,บางนา
456,88,5,23500000,บางนา
457,143,2,11880000,บางนา
458,25,3,6900000,บางนา
459,30,3,4700000,บางนา
460,236,4,16500000,บางนา
461,69,4,24890000,บางนา
462,52.6,4,11900000,บางนา
463,55,4,9500000,บางนา
464,55,4,9500000,บางนา
465,52,3,5200000,บางนา
466,140,4,65000000,บางนา
467,366,5,69900000,บางนา
468,19.2,3,2500000,บางนา
469,81,4,16500000,บางนา
470,80.9,4,8900000,บางนา
471,20,1,3900000,บางนา
472,21.3,3,3490000,บางนา
473,80.3,4,30000000,บางนา
474,52,3,3799000,บางนา
475,69.3,4,24900000,บางนา
476,62.23,4,32900000,บางนา
477,50.3,3,7450000,บางนา
478,54,3,7590000,บางนา
479,74.5,4,17900000,บางนา
480,23,3,3400000,บางนา
481,129.8,4,19500000,บางนา
482,69.3,4,25700000,บางนา
483,69.3,4,24900000,บางนา
484,106,4,18900000,บางนา
485,57.3,4,19900000,บางนา
486,40,4,4000000,บางนา
487,50,2,4000000,บางนา
488,65.9,3,6290000,บางนา
489,70.1,4,17800000,บางนา
490,61.9,4,17500000,บางนา
491,62,4,16500000,บางนา
492,27.5,3,2950000,บางนา
493,300,4,20000000,บางนา
494,133.5,4,34000000,บางนา
495,18,2,1750000,บางนา
496,39.2,3,3890000,บางนา
497,84,4,16500000,บางนา
498,29.2,3,3490000,บางนา
499,52.1,3,8690000,บางนา
500,50,3,5490000,บางนา
501,128.9,3,59000000,บางนา
502,86,5,25000000,บางนา
503,55,3,24990000,บางนา
504,22,3,3090000,บางนา
505,120,5,32000000,บางนา
506,25,1,2800000,บางนา
507,58,5,7900000,บางนา
508,50,4,11600000,บางนา
509,71,5,19900000,บางนา
510,67.6,4,14500000,บางนา
511,69,4,24900000,บางนา
512,57,4,19900000,บางนา
513,27.5,3,2950000,บางนา
514,19.8,2,4500000,บางนา
515,156,5,45000000,บางนา
516,86.1,5,25000000,บางนา
517,22,3,3300000,บางนา
518,21.3,3,2990000,บางนา
519,16.5,2,2700000,บางนา
520,619,6,169000000,บางนา
521,88,5,24000000,บางนา
522,20,3,2200000,บางนา
523,450,3,34500000,บางนา
524,19,3,2890000,บางนา
525,49,4,3800000,บางนา
526,435,5,65000000,บางนา
527,128,4,81900000,บางนา
528,235,5,125000000,บางนา
529,40,3,24000000,บางนา
530,103.5,5,25000000,บางนา
531,140,3,25000000,บางนา
532,271,6,58000000,บางนา
533,125.9,3,33500000,บางนา
534,125.2,4,55000000,บางนา
535,80,5,89000000,บางนา
536,83,3,5900000,บางนา
537,25.1,3,3300000,บางนา
538,50,3,5590000,บางนา
539,101,4,30000000,บางนา
540,24.5,3,5300000,บางนา
541,57.3,4,19890000,บางนา
542,19.2,3,2490000,บางนา
543,48,4,5000000,บางนา
544,57.3,4,19900000,บางนา
545,62,5,16000000,บางนา
546,22,3,3500000,บางนา
547,103.5,4,26400000,บางนา
548,18.8,2,2990000,บางนา
549,88,5,24000000,บางนา
550,130,4,50000000,บางนา
551,57.3,4,19900000,บางนา
552,163,4,52000000,บางนา
553,50,3,3900000,บางนา
554,69.3,4,24900000,บางนา
555,89.6,3,8600000,บางนา
556,153.4,4,186100000,บางนา
557,48,3,6200000,บางบอน
558,115.5,3,5300000,บางบอน
559,50,4,4590000,บางบอน
560,30,3,3900000,บางบอน
561,177.9,4,21000000,บางบอน
562,111.9,3,5690000,บางบอน
563,22.3,4,5490000,บางบอน
564,18,2,2590000,บางบอน
565,105,4,11900000,บางบอน
566,38,3,4560000,บางบอน
567,22,3,3900000,บางบอน
568,107,4,7350000,บางบอน
569,64.6,4,4800000,บางบอน
570,63.1,3,3490000,บางบอน
571,130,4,16800000,บางบอน
572,24,3,2950000,บางบอน
573,20,3,5990000,บางบอน
574,129.8,4,16900000,บางบอน
575,48,4,25000000,บางบอน
576,60,3,9500000,บางบอน
577,110,4,8700000,บางบอน
578,65,3,4498000,บางบอน
579,129.8,4,16800000,บางบอน
580,31,3,5200000,บางบอน
581,50,4,4500000,บางบอน
582,20.7,3,3300000,บางบอน
583,80.3,4,18600000,บางบอน
584,85,3,8600000,บางบอน
585,104,5,12900000,บางบอน
586,33.9,3,3500000,บางบอน
587,150,4,16900000,บางบอน
588,55.9,3,4200000,บางบอน
589,150,4,16000000,บางบอน
590,19.4,3,3750000,บางบอน
591,116.5,4,23500000,บางบอน
592,41,4,9800000,บางบอน
593,41.5,4,9300000,บางบอน
594,150,4,16900000,บางบอน
595,188,4,35000000,บางบอน
596,122.7,4,7900000,บางบอน
597,120,3,19300000,บางบอน
598,70.1,4,19290000,บางบอน
599,35,3,4350000,บางบอน
600,20,3,6100000,บางบอน
601,77,3,4800000,บางบอน
602,102,3,4500000,บางบอน
603,70.5,3,10500000,บางบอน
604,23.8,3,5300000,บางบอน
605,36,4,11500000,บางรัก
606,116,6,73000000,บางรัก
607,44,4,17900000,พญาไท
608,489.33,3,70500000,พญาไท
609,53.5,3,70500000,พญาไท
610,25.5,2,12990000,พญาไท
611,53,3,70000000,พญาไท
612,100,4,57000000,พญาไท
613,145.9,4,22000000,มีนบุรี
614,20,1,1250000,มีนบุรี
615,69,3,5950000,มีนบุรี
616,19.5,2,2650000,มีนบุรี
617,48,3,6600000,มีนบุรี
618,66.2,3,4200000,มีนบุรี
619,17,2,2160000,มีนบุรี
620,74,4,12900000,มีนบุรี
621,53,3,3450000,มีนบุรี
622,38.5,3,6100000,มีนบุรี
623,17.8,2,1650000,มีนบุรี
624,25,4,4500000,มีนบุรี
625,70,2,2480000,มีนบุรี
626,19,2,1790000,มีนบุรี
627,50,3,2900000,มีนบุรี
628,50.6,3,4890000,มีนบุรี
629,26.9,2,1500000,มีนบุรี
630,70,3,6700000,มีนบุรี
631,57.5,4,6990000,มีนบุรี
632,55,3,6200000,มีนบุรี
633,24,4,2600000,มีนบุรี
634,27,1,1200000,มีนบุรี
635,16,2,1790000,มีนบุรี
636,81,5,7300000,มีนบุรี
637,60,4,7250000,มีนบุรี
638,23,4,2350000,มีนบุรี
639,20.8,5,4190000,มีนบุรี
640,50,4,3300000,มีนบุรี
641,162,3,7590000,มีนบุรี
642,55.1,3,3180000,มีนบุรี
643,71,3,7900000,มีนบุรี
644,90,5,4890000,มีนบุรี
645,18,2,1350000,มีนบุรี
646,34.9,3,2290000,มีนบุรี
647,20,2,1580000,มีนบุรี
648,66.3,3,6500000,มีนบุรี
649,22,2,2290000,มีนบุรี
650,34,2,1850000,มีนบุรี
651,16.5,2,1500000,มีนบุรี
652,170,5,49900000,มีนบุรี
653,17.8,3,2950000,มีนบุรี
654,55,5,5000000,มีนบุรี
655,98,4,8290000,มีนบุรี
656,50.9,3,4990000,มีนบุรี
657,105.6,3,6250000,มีนบุรี
658,54.2,3,4490000,มีนบุรี
659,28.2,2,2490000,มีนบุรี
660,56,8,6199000,มีนบุรี
661,259,5,34000000,มีนบุรี
662,18.2,3,2490000,มีนบุรี
663,21,4,3300000,มีนบุรี
664,17,3,3000000,มีนบุรี
665,41,4,3200000,มีนบุรี
666,50,4,3890000,มีนบุรี
667,28.2,4,3790000,มีนบุรี
668,35.8,3,3800000,มีนบุรี
669,74.2,3,6200000,มีนบุรี
670,50,3,4500000,มีนบุรี
671,144,3,9500000,มีนบุรี
672,16,3,1900000,มีนบุรี
673,50,3,5890000,มีนบุรี
674,20.4,3,2290000,มีนบุรี
675,32,2,1000000,มีนบุรี
676,23.6,3,4250000,มีนบุรี
677,80,3,5150000,มีนบุรี
678,150,5,10900000,มีนบุรี
679,288,4,37000000,มีนบุรี
680,61,4,4750000,มีนบุรี
681,54,4,4500000,มีนบุรี
682,72,4,6950000,มีนบุรี
683,20,3,1890000,มีนบุรี
684,37,3,3790000,มีนบุรี
685,50,3,4600000,มีนบุรี
686,163.4,4,42800000,มีนบุรี
687,74.2,4,6500000,มีนบุรี
688,65.6,3,10900000,มีนบุรี
689,18,3,6790000,มีนบุรี
690,71,3,5600000,มีนบุรี
691,52,4,4750000,มีนบุรี
692,22.5,4,3690000,มีนบุรี
693,26.8,3,6500000,มีนบุรี
694,79,4,11900000,มีนบุรี
695,59.5,3,5990000,มีนบุรี
696,50,3,3650000,มีนบุรี
697,61.9,2,5900000,มีนบุรี
698,20,3,2390000,มีนบุรี
699,162,4,7590000,มีนบุรี
700,59.5,3,6990000,มีนบุรี
701,19.5,3,2990000,มีนบุรี
702,21.7,4,3990000,มีนบุรี
703,50,3,4900000,มีนบุรี
704,84,6,10870000,มีนบุรี
705,79,3,6950000,มีนบุรี
706,50.6,4,4790000,มีนบุรี
707,90,5,4890000,มีนบุรี
708,40,3,3300000,มีนบุรี
709,67.9,3,3990000,มีนบุรี
710,81.3,5,6500000,มีนบุรี
711,64.5,3,4550000,มีนบุรี
712,77.7,3,4800000,มีนบุรี
713,143,6,14500000,มีนบุรี
714,306,5,5500000,มีนบุรี
715,51,4,5500000,มีนบุรี
716,65,4,5200000,มีนบุรี
717,63,3,5900000,มีนบุรี
718,50.3,4,8900000,มีนบุรี
719,50,3,3800000,มีนบุรี
720,18.1,4,3400000,มีนบุรี
721,72,8,6190000,มีนบุรี
722,900,6,62000000,มีนบุรี
723,20,2,1650000,มีนบุรี
724,79,3,6950000,มีนบุรี
725,60,4,4290000,มีนบุรี
726,107,4,8900000,มีนบุรี
727,21.2,2,3500000,มีนบุรี
728,16,5,2250000,มีนบุรี
729,51,3,6200000,มีนบุรี
730,41.8,3,3100000,มีนบุรี
731,16,3,1900000,มีนบุรี
732,16,2,750000,มีนบุรี
733,19.3,3,2350000,มีนบุรี
734,17.8,2,1650000,มีนบุรี
735,27.6,4,4290000,มีนบุรี
736,28,2,3890000,มีนบุรี
737,17.4,3,2480000,มีนบุรี
738,62.7,3,5600000,มีนบุรี
739,17.8,2,1650000,มีนบุรี
740,66,3,4200000,มีนบุรี
741,150,5,24000000,มีนบุรี
742,60.7,3,7500000,มีนบุรี
743,800,8,65000000,มีนบุรี
744,119,4,11500000,มีนบุรี
745,64.8,4,4290000,มีนบุรี
746,71,3,5600000,มีนบุรี
747,56,3,4290000,มีนบุรี
748,16.1,2,2200000,มีนบุรี
749,54,3,4500000,มีนบุรี
750,17.8,2,1650000,มีนบุรี
751,50,3,3500000,มีนบุรี
752,50,4,5490000,มีนบุรี
753,16,2,2700000,มีนบุรี
754,58.1,3,5100000,มีนบุรี
755,160,3,13500000,มีนบุรี
756,118,4,11000000,มีนบุรี
757,16,2,1790000,มีนบุรี
758,65,4,7300000,มีนบุรี
759,23,4,2350000,มีนบุรี
760,77,5,5800000,มีนบุรี
761,20.8,4,2290000,มีนบุรี
762,67,4,2900000,มีนบุรี
763,426,6,8900000,มีนบุรี
764,50.6,3,5000000,มีนบุรี
765,100,5,4900000,มีนบุรี
766,133,4,8900000,มีนบุรี
767,25,3,2498000,มีนบุรี
768,240,2,16500000,มีนบุรี
769,50,2,6290000,มีนบุรี
770,50,3,5250000,มีนบุรี
771,16,2,1300000,มีนบุรี
772,75.2,2,6500000,มีนบุรี
773,52,3,5500000,มีนบุรี
774,17,2,1850000,มีนบุรี
775,32,2,4300000,มีนบุรี
776,22,2,3500000,มีนบุรี
777,300,4,22500000,มีนบุรี
778,19.5,3,2850000,มีนบุรี
779,19.6,3,2950000,ราษฎร์บูรณะ
780,19.6,3,2950000,ราษฎร์บูรณะ
781,16,3,1890000,ราษฎร์บูรณะ
782,26,2,2490000,ราษฎร์บูรณะ
783,105,4,8500000,ราษฎร์บูรณะ
784,43.4,4,7900000,ราษฎร์บูรณะ
785,20.6,3,3350000,ราษฎร์บูรณะ
786,23.5,4,3600000,ราษฎร์บูรณะ
787,33,4,3900000,ราษฎร์บูรณะ
788,21,3,2990000,ราษฎร์บูรณะ
789,65.8,3,6590000,ราษฎร์บูรณะ
790,18,3,3850000,ราษฎร์บูรณะ
791,18,3,2300000,ราษฎร์บูรณะ
792,18,3,3490000,ราษฎร์บูรณะ
793,57.2,4,5500000,ราษฎร์บูรณะ
794,44.2,3,6350000,ราษฎร์บูรณะ
795,18.7,3,2950000,ราษฎร์บูรณะ
796,45.5,3,4200000,ราษฎร์บูรณะ
797,19.4,3,3100000,ราษฎร์บูรณะ
798,24,3,1990000,ราษฎร์บูรณะ
799,103.1,5,7300000,ราษฎร์บูรณะ
800,58.5,3,5190000,ราษฎร์บูรณะ
801,100.9,4,10000000,ราษฎร์บูรณะ
802,20,3,6900000,ราษฎร์บูรณะ
803,38.8,4,8900000,ราษฎร์บูรณะ
804,20.2,3,3990000,ราษฎร์บูรณะ
805,17,3,1880000,ราษฎร์บูรณะ
806,38.2,3,4800000,ราษฎร์บูรณะ
807,38.2,3,4800000,ราษฎร์บูรณะ
808,50.4,3,3950000,ราษฎร์บูรณะ
809,20,3,3100000,ราษฎร์บูรณะ
810,56,4,8700000,ราษฎร์บูรณะ
811,52.5,4,9500000,ราษฎร์บูรณะ
812,125,4,25000000,ราษฎร์บูรณะ
813,400,5,80000000,ราษฎร์บูรณะ
814,18.7,3,2100000,ราษฎร์บูรณะ
815,71,4,18900000,ราษฎร์บูรณะ
816,17.8,4,2200000,ราษฎร์บูรณะ
817,50.2,3,6700000,ราษฎร์บูรณะ
818,71.5,3,5900000,ราษฎร์บูรณะ
819,26,3,3590000,ราษฎร์บูรณะ
820,26,2,2290000,ราษฎร์บูรณะ
821,50.2,3,6700000,ราษฎร์บูรณะ
822,50.06,3,5290000,ราษฎร์บูรณะ
823,60.1,3,4500000,ราษฎร์บูรณะ
824,64,3,5200000,ราษฎร์บูรณะ
825,18.4,3,2790000,ราษฎร์บูรณะ
826,18.4,3,2790000,ราษฎร์บูรณะ
827,66,3,5500000,ราษฎร์บูรณะ
828,145.3,3,39500000,ราษฎร์บูรณะ
829,28,4,4290000,ราษฎร์บูรณะ
830,51.3,3,4200000,ราษฎร์บูรณะ
831,182.3,5,203000000,ราษฎร์บูรณะ
832,105.5,5,8000000,ราษฎร์บูรณะ
833,40,4,3300000,ราษฎร์บูรณะ
834,25.4,3,2750000,ราษฎร์บูรณะ
835,18,2,1590000,ราษฎร์บูรณะ
836,16,3,1550000,ราษฎร์บูรณะ
837,20.7,4,1000000,ราษฎร์บูรณะ
838,40.5,3,2590000,ราษฎร์บูรณะ
839,18,3,1950000,ราษฎร์บูรณะ
840,41.9,3,2790000,ราษฎร์บูรณะ
841,54,3,3500000,ราษฎร์บูรณะ
842,50,3,6700000,ราษฎร์บูรณะ
843,20,3,4000000,ราษฎร์บูรณะ
844,51,3,6300000,ราษฎร์บูรณะ
845,35,3,8900000,ราษฎร์บูรณะ
846,34.1,3,5590000,ราษฎร์บูรณะ
847,24,4,2700000,ราษฎร์บูรณะ
848,25.8,2,2850000,ราษฎร์บูรณะ
849,75.4,4,4450000,ราษฎร์บูรณะ
850,14,2,1990000,ราษฎร์บูรณะ
851,47.8,1,5800000,ราษฎร์บูรณะ
852,22.5,3,2950000,ราษฎร์บูรณะ
853,16,3,1700000,ราษฎร์บูรณะ
854,17.9,3,2990000,ราษฎร์บูรณะ
855,33.7,3,7690000,ราษฎร์บูรณะ
856,21.5,3,5900000,ราษฎร์บูรณะ
857,199,4,39000000,ราษฎร์บูรณะ
858,50,3,6700000,ราษฎร์บูรณะ
859,82.5,3,5600000,ราษฎร์บูรณะ
860,20.7,3,3590000,ราษฎร์บูรณะ
861,21.1,4,1900000,ราษฎร์บูรณะ
862,18,3,1650000,ราษฎร์บูรณะ
863,183,5,230000000,ราษฎร์บูรณะ
864,50.2,3,6490000,ราษฎร์บูรณะ
865,29.6,4,4890000,ราษฎร์บูรณะ
866,22,1,5700000,ราษฎร์บูรณะ
867,66,3,6590000,ราษฎร์บูรณะ
868,23.08,3,1750000,ราษฎร์บูรณะ
869,18.1,3,4990000,ราษฎร์บูรณะ
870,58.2,3,4790000,ราษฎร์บูรณะ
871,69,4,8000000,ราษฎร์บูรณะ
872,18,3,3000000,ราษฎร์บูรณะ
873,50,3,3900000,ลาดกระบัง
874,619,7,130000000,ลาดกระบัง
875,136.5,5,16500000,ลาดกระบัง
876,211.3,4,60000000,ลาดกระบัง
877,86,4,19500000,ลาดกระบัง
878,53,3,4300000,ลาดกระบัง
879,20,4,3990000,ลาดกระบัง
880,44,3,6050000,ลาดกระบัง
881,75.3,3,8338000,ลาดกระบัง
882,19,3,4500000,ลาดกระบัง
883,70.3,3,10500000,ลาดกระบัง
884,30,3,3790000,ลาดกระบัง
885,19,4,3790000,ลาดกระบัง
886,26,3,2400000,ลาดกระบัง
887,257,5,119000000,ลาดกระบัง
888,73.3,4,16200000,ลาดกระบัง
889,59.4,4,7990000,ลาดกระบัง
890,137.5,4,38000000,ลาดกระบัง
891,65,3,7490000,ลาดกระบัง
892,267.1,5,138000000,ลาดกระบัง
893,54.4,3,7400000,ลาดกระบัง
894,56,3,8350000,ลาดกระบัง
895,157.5,5,59900000,ลาดกระบัง
896,146,4,31500000,ลาดกระบัง
897,24.8,4,3288000,ลาดกระบัง
898,29.6,3,3900000,ลาดกระบัง
899,115.4,4,60000000,ลาดกระบัง
900,18.8,3,5890000,ลาดกระบัง
901,218,5,119000000,ลาดกระบัง
902,50.3,3,8300000,ลาดกระบัง
903,63.9,4,7900000,ลาดกระบัง
904,18.7,4,3990000,ลาดกระบัง
905,18.1,3,2100000,ลาดกระบัง
906,54,3,6300000,ลาดกระบัง
907,400,5,55000000,ลาดกระบัง
908,21.2,3,2550000,ลาดกระบัง
909,77,4,23500000,ลาดกระบัง
910,59.4,4,7990000,ลาดกระบัง
911,62,4,13000000,ลาดกระบัง
912,62,4,13000000,ลาดกระบัง
913,68.8,4,17900000,ลาดกระบัง
914,83,3,13900000,ลาดกระบัง
915,74.5,8,18540000,ลาดกระบัง
916,50,3,4490000,ลาดกระบัง
917,60.5,3,5900000,ลาดกระบัง
918,24.4,3,5100000,ลาดกระบัง
919,62.3,4,10500000,ลาดกระบัง
920,27.8,3,2500000,ลาดกระบัง
921,53.4,4,5900000,ลาดกระบัง
922,141.9,4,41000000,ลาดกระบัง
923,69.7,4,10900000,ลาดกระบัง
924,50,3,3900000,ลาดกระบัง
925,26,3,3390000,ลาดกระบัง
926,74.2,4,20990000,ลาดกระบัง
927,76.4,4,18900000,ลาดกระบัง
928,81,3,11500000,ลาดกระบัง
929,32.4,3,3550000,ลาดกระบัง
930,118,3,13900000,ลาดกระบัง
931,86,3,12000000,ลาดกระบัง
932,20.6,3,2200000,ลาดกระบัง
933,103,2,15900000,ลาดกระบัง
934,54,3,16300000,ลาดกระบัง
935,264,5,125000000,ลาดกระบัง
936,50.7,4,5390000,ลาดกระบัง
937,54,3,16300000,ลาดกระบัง
938,220,6,55000000,ลาดกระบัง
939,17.4,3,1900000,ลาดกระบัง
940,36,3,6500000,ลาดกระบัง
941,48.9,4,9998000,ลาดกระบัง
942,99,4,4200000,ลาดกระบัง
943,16.8,3,3000000,ลาดกระบัง
944,82,3,25950000,ลาดกระบัง
945,18.3,3,4590000,ลาดกระบัง
946,24.6,3,3190000,ลาดกระบัง
947,51,3,2990000,ลาดกระบัง
948,21.2,3,4260000,ลาดกระบัง
949,73.3,4,16200000,ลาดกระบัง
950,63,3,7650000,ลาดกระบัง
951,169,4,55000000,ลาดกระบัง
952,18,3,2590000,ลาดกระบัง
953,68.8,4,16900000,ลาดกระบัง
954,54,3,6590000,ลาดกระบัง
955,73.3,4,16300000,ลาดกระบัง
956,68.8,4,16900000,ลาดกระบัง
957,52.3,4,8500000,ลาดกระบัง
958,52.5,3,6800000,ลาดกระบัง
959,137.5,4,55900000,ลาดกระบัง
960,218,5,119000000,ลาดกระบัง
961,112.7,4,38900000,ลาดกระบัง
962,39,4,8600000,ลาดกระบัง
963,50,3,4490000,ลาดกระบัง
964,418,4,23000000,ลาดกระบัง
965,38,3,5300000,ลาดกระบัง
966,102,5,17000000,ลาดกระบัง
967,21,4,2900000,ลาดกระบัง
968,20,3,2490000,ลาดกระบัง
969,60,4,4300000,ลาดกระบัง
970,50,3,3900000,ลาดกระบัง
971,50,3,3900000,ลาดกระบัง
972,103,4,21000000,ลาดกระบัง
973,193,6,18900000,ลาดกระบัง
974,58.7,4,7790000,ลาดกระบัง
975,120,4,35000000,ลาดกระบัง
976,61.5,3,6590000,ลาดกระบัง
977,54.9,4,14500000,ลาดกระบัง
978,130,5,25000000,ลาดกระบัง
979,58,3,5800000,ลาดกระบัง
980,150,5,38000000,ลาดกระบัง
981,82.4,4,14500000,ลาดกระบัง
982,23.5,3,2700000,ลาดกระบัง
983,50.6,4,6490000,ลาดกระบัง
984,17.4,3,1590000,ลาดกระบัง
985,22.5,3,2990000,ลาดกระบัง
986,53,3,2500000,ลาดกระบัง
987,137.5,4,48000000,ลาดกระบัง
988,56.02,4,6450000,ลาดกระบัง
989,137,4,59900000,ลาดกระบัง
990,146,3,49500000,ลาดกระบัง
991,49,3,5700000,ลาดกระบัง
992,61,5,9000000,ลาดกระบัง
993,218,5,120000000,ลาดกระบัง
994,35,3,4200000,ลาดกระบัง
995,68,4,16900000,ลาดกระบัง
996,54,3,5900000,ลาดกระบัง
997,82.4,4,14500000,ลาดกระบัง
998,53,5,14000000,ลาดกระบัง
999,17.4,3,1650000,ลาดกระบัง
1000,53.7,3,5900000,ลาดกระบัง
1001,20,3,2890000,ลาดกระบัง
1002,20,3,4890000,ลาดกระบัง
1003,118,3,14900000,ลาดกระบัง
1004,81.8,4,9900000,ลาดกระบัง
1005,106,7,14900000,ลาดกระบัง
1006,21.1,3,3690000,ลาดกระบัง
1007,21,4,2500000,ลาดกระบัง
1008,27,3,3900000,ลาดกระบัง
1009,20,3,2390000,ลาดกระบัง
1010,21.3,2,1790000,ลาดกระบัง
1011,18.5,4,3999999,ลาดกระบัง
1012,118,3,14900000,ลาดกระบัง
1013,380,4,44000000,ลาดกระบัง
1014,52.5,4,7690000,ลาดกระบัง
1015,20,3,2500000,ลาดกระบัง
1016,21.3,3,2800000,ลาดกระบัง
1017,26.5,4,3250000,ลาดกระบัง
1018,28.4,3,7390000,ลาดกระบัง
1019,25.4,3,3200000,ลาดกระบัง
1020,23.5,3,1750000,ลาดกระบัง
1021,65.1,3,7400000,ลาดกระบัง
1022,35,3,9900000,ลาดกระบัง
1023,24.2,4,2700000,ลาดกระบัง
1024,34,3,3890000,ลาดกระบัง
1025,57.1,3,7000000,ลาดกระบัง
1026,55,3,5450000,ลาดกระบัง
1027,196,4,29400000,ลาดกระบัง
1028,17,3,2290000,ลาดกระบัง
1029,100,6,4900000,ลาดกระบัง
1030,153,6,26000000,ลาดกระบัง
1031,137.5,4,38000000,ลาดกระบัง
1032,32.2,3,5000000,ลาดกระบัง
1033,211.3,4,60000000,ลาดกระบัง
1034,150,5,38000000,ลาดกระบัง
1035,133,7,13900000,ลาดกระบัง
1036,64,4,17900000,ลาดกระบัง
1037,37,3,5290000,ลาดกระบัง
1038,54.6,4,8300000,ลาดกระบัง
1039,68,4,16900000,ลาดกระบัง
1040,68.8,4,16900000,ลาดกระบัง
1041,100.3,3,14300000,ลาดกระบัง
1042,158,3,9990000,ลาดกระบัง
1043,53,3,4950000,ลาดกระบัง
1044,52,3,6800000,ลาดกระบัง
1045,16,2,2150000,ลาดกระบัง
1046,63.9,3,7650000,ลาดกระบัง
1047,21.2,4,3590000,ลาดกระบัง
1048,78,3,8500000,ลาดกระบัง
1049,20,3,3890000,ลาดกระบัง
1050,57.4,5,6950000,ลาดกระบัง
1051,19,4,3600000,ลาดกระบัง
1052,57,3,5000000,ลาดกระบัง
1053,53.4,4,6500000,ลาดกระบัง
1054,55.5,3,5200000,ลาดกระบัง
1055,169,4,55000000,ลาดกระบัง
1056,48.2,3,5200000,ลาดกระบัง
1057,56,3,5149900,ลาดกระบัง
1058,61.7,4,6990000,ลาดกระบัง
1059,118,4,13500000,ลาดกระบัง
1060,78,4,16500000,ลาดกระบัง
1061,18.2,3,3250000,ลาดกระบัง
1062,68.8,4,16900000,ลาดกระบัง
1063,19.9,3,4600000,ลาดกระบัง
1064,114,4,18500000,ลาดกระบัง
1065,50.3,3,8200000,ลาดกระบัง
1066,19.7,3,2500000,ลาดกระบัง
1067,25,4,11350000,ลาดพร้าว
1068,157.5,4,30700000,ลาดพร้าว
1069,24.8,3,5700000,ลาดพร้าว
1070,53.4,4,22000000,ลาดพร้าว
1071,77,4,34000000,ลาดพร้าว
1072,77,4,34000000,ลาดพร้าว
1073,77,4,39900000,ลาดพร้าว
1074,20,3,7500000,ลาดพร้าว
1075,50,3,7200000,ลาดพร้าว
1076,102,5,31000000,ลาดพร้าว
1077,54,4,14900000,ลาดพร้าว
1078,172,4,130000000,ลาดพร้าว
1079,188,5,135000000,ลาดพร้าว
1080,56,3,14500000,ลาดพร้าว
1081,38.5,3,18000000,ลาดพร้าว
1082,148.3,5,90000000,ลาดพร้าว
1083,148.5,3,15500000,ลาดพร้าว
1084,74.2,4,25500000,ลาดพร้าว
1085,50,6,12900000,ลาดพร้าว
1086,200.7,5,49000000,ลาดพร้าว
1087,51,2,9990000,ลาดพร้าว
1088,25,4,7900000,ลาดพร้าว
1089,62,3,15900000,ลาดพร้าว
1090,51,2,9990000,ลาดพร้าว
1091,68.1,4,23500000,ลาดพร้าว
1092,25.2,3,8000000,ลาดพร้าว
1093,17,2,3200000,ลาดพร้าว
1094,60,3,14900000,ลาดพร้าว
1095,51,4,15000000,ลาดพร้าว
1096,70,4,14000000,ลาดพร้าว
1097,41,3,6290000,ลาดพร้าว
1098,95,3,24500000,ลาดพร้าว
1099,104,3,19800000,ลาดพร้าว
1100,301,4,58000000,ลาดพร้าว
1101,100,5,12900000,ลาดพร้าว
1102,56,4,31900000,ลาดพร้าว
1103,197.3,5,98000000,ลาดพร้าว
1104,50,4,8790000,ลาดพร้าว
1105,43.6,3,17900000,ลาดพร้าว
1106,59,3,22900000,ลาดพร้าว
1107,112,5,18500000,ลาดพร้าว
1108,187,4,55500000,ลาดพร้าว
1109,145,4,65000000,ลาดพร้าว
1110,211,5,150000000,ลาดพร้าว
1111,53,5,12990000,ลาดพร้าว
1112,91,5,45000000,ลาดพร้าว
1113,20.8,4,6200000,ลาดพร้าว
1114,68,3,36500000,ลาดพร้าว
1115,100,4,7450000,ลาดพร้าว
1116,63,4,8290000,ลาดพร้าว
1117,20.21,3,6950000,ลาดพร้าว
1118,100,4,16500000,ลาดพร้าว
1119,132,4,45000000,ลาดพร้าว
1120,220,4,8910000,ลาดพร้าว
1121,97,4,24500000,ลาดพร้าว
1122,47,3,10900000,ลาดพร้าว
1123,21.9,4,4300000,ลาดพร้าว
1124,98,5,26000000,ลาดพร้าว
1125,41,4,5750000,ลาดพร้าว
1126,38,6,4500000,ลาดพร้าว
1127,37,4,4900000,ลาดพร้าว
1128,18,3,3890000,ลาดพร้าว
1129,184,6,18500000,ลาดพร้าว
1130,230,5,140000000,ลาดพร้าว
1131,98,5,29000000,ลาดพร้าว
1132,57,4,7200000,ลาดพร้าว
1133,28.5,4,15000000,ลาดพร้าว
1134,188,5,28000000,ลาดพร้าว
1135,18,2,4200000,ลาดพร้าว
1136,27.8,5,6500000,ลาดพร้าว
1137,19,3,3600000,ลาดพร้าว
1138,103,4,27900000,ลาดพร้าว
1139,144,3,29000000,ลาดพร้าว
1140,18,3,2700000,ลาดพร้าว
1141,50,3,7100000,ลาดพร้าว
1142,60,3,14500000,ลาดพร้าว
1143,51,4,22900000,ลาดพร้าว
1144,50,4,6900000,ลาดพร้าว
1145,100,4,12000000,ลาดพร้าว
1146,99,4,18500000,ลาดพร้าว
1147,100,4,55500000,ลาดพร้าว
1148,101,6,48000000,ลาดพร้าว
1149,50,3,5390000,ลาดพร้าว
1150,25.5,2,4400000,ลาดพร้าว
1151,51,4,15900000,ลาดพร้าว
1152,35,3,16990000,ลาดพร้าว
1153,180,7,40000000,ลาดพร้าว
1154,47,3,10900000,ลาดพร้าว
1155,22,4,8990000,ลาดพร้าว
1156,50,6,12900000,ลาดพร้าว
1157,63,3,10250000,ลาดพร้าว
1158,20.8,4,6200000,ลาดพร้าว
1159,50,2,6900000,ลาดพร้าว
1160,25,3,8150000,ลาดพร้าว
1161,84,5,60000000,ลาดพร้าว
1162,20,3,7500000,ลาดพร้าว
1163,59,3,22900000,ลาดพร้าว
1164,53.4,4,20900000,ลาดพร้าว
1165,36,4,24000000,ลาดพร้าว
1166,60,5,22900000,ลาดพร้าว
1167,36.2,3,20900000,ลาดพร้าว
1168,18,3,5300000,ลาดพร้าว
1169,50,3,6800000,ลาดพร้าว
1170,143,3,19600000,ลาดพร้าว
1171,94,4,9800000,ลาดพร้าว
1172,50,3,5700000,ลาดพร้าว
1173,91,5,45000000,ลาดพร้าว
1174,24,2,2990000,ลาดพร้าว
1175,30,3,8900000,ลาดพร้าว
1176,99,4,10000000,ลาดพร้าว
1177,48.2,4,16990000,ลาดพร้าว
1178,17,4,3700000,ลาดพร้าว
1179,100,4,12000000,ลาดพร้าว
1180,160,4,20000000,ลาดพร้าว
1181,23.5,3,4390000,ลาดพร้าว
1182,175,4,58000000,ลาดพร้าว
1183,62.1,3,8500000,ลาดพร้าว
1184,42,2,4200000,ลาดพร้าว
1185,53,3,5500000,ลาดพร้าว
1186,64,4,48000000,ลาดพร้าว
1187,19,4,5400000,ลาดพร้าว
1188,65,4,29500000,ลาดพร้าว
1189,56,3,8900000,ลาดพร้าว
1190,123,5,69000000,ลาดพร้าว
1191,42,6,6000000,ลาดพร้าว
1192,42,3,5500000,ลาดพร้าว
1193,51.4,4,22900000,ลาดพร้าว
1194,128,4,47000000,ลาดพร้าว
1195,190,3,23700000,ลาดพร้าว
1196,51,4,11000000,ลาดพร้าว
1197,60,5,26500000,ลาดพร้าว
1198,72,4,19000000,ลาดพร้าว
1199,50,2,6900000,ลาดพร้าว
1200,143,3,19600000,ลาดพร้าว
1201,70,4,13900000,ลาดพร้าว
1202,32,3,6500000,ลาดพร้าว
1203,30,3,3850000,ลาดพร้าว
1204,22,2,3229000,ลาดพร้าว
1205,17,2,2590000,ลาดพร้าว
1206,91,8,10900000,ลาดพร้าว
1207,47,3,10500000,ลาดพร้าว
1208,94,4,9800000,ลาดพร้าว
1209,62,3,5700000,ลาดพร้าว
1210,53,5,12599000,ลาดพร้าว
1211,53,5,12590000,ลาดพร้าว
1212,101,4,49900000,ลาดพร้าว
1213,49.5,3,22500000,ลาดพร้าว
1214,45,2,5150000,ลาดพร้าว
1215,18.7,2,4490000,ลาดพร้าว
1216,32,3,9690000,ลาดพร้าว
1217,30,3,8900000,ลาดพร้าว
1218,70.5,3,13500000,ลาดพร้าว
1219,123,5,69000000,ลาดพร้าว
1220,70,4,14000000,ลาดพร้าว
1221,49.5,3,21800000,ลาดพร้าว
1222,118.3,4,67500000,ลาดพร้าว
1223,19.9,3,4950000,ลาดพร้าว
1224,227,8,160000000,ลาดพร้าว
1225,266,3,46350000,ลาดพร้าว
1226,50,3,6500000,ลาดพร้าว
1227,108,3,15900000,ลาดพร้าว
1228,32.6,3,17900000,ลาดพร้าว
1229,47,3,10500000,ลาดพร้าว
1230,104,4,59500000,ลาดพร้าว
1231,23,4,6000000,ลาดพร้าว
1232,47,3,10500000,ลาดพร้าว
1233,67,3,10490000,ลาดพร้าว
1234,20,3,8300000,ลาดพร้าว
1235,123,5,69000000,ลาดพร้าว
1236,72,5,9800000,ลาดพร้าว
1237,35.1,3,14990000,ลาดพร้าว
1238,86,2,8400000,ลาดพร้าว
1239,17,4,4500000,ลาดพร้าว
1240,380,6,12900000,ลาดพร้าว
1241,70.3,4,59990000,ลาดพร้าว
1242,49.5,3,22500000,ลาดพร้าว
1243,108,3,15900000,ลาดพร้าว
1244,20,2,1590000,ลาดพร้าว
1245,47,4,20000000,สาทร
1246,121,4,13900000,สาทร
1247,212,6,295000000,สาทร
1248,40,1,9500000,สาทร
1249,60,5,75000000,สาทร
1250,12,1,7000000,สาทร
1251,47,4,20000000,สาทร
1252,103.4,6,25000000,สาทร
1253,530,5,78000000,สาทร
1254,32.8,4,12900000,สาทร
1255,96,4,69000000,สาทร
1256,16.7,4,6900000,สาทร
1257,10,3,3200000,สาทร
1258,54,4,27900000,สาทร
1259,238,5,80000000,สาทร
1260,53,3,11000000,สาทร
1261,60,5,78000000,สาทร
1262,127,3,115000000,สาทร
1263,238,5,78000000,สาทร
1264,60,4,70000000,สาทร
1265,40,2,7000000,สาทร
1266,72,4,34000000,สาทร
1267,32.7,3,40000000,สาทร
1268,27.2,3,6000000,ห้วยขวาง
1269,21.1,3,9800000,ห้วยขวาง
1270,17,2,4200000,ห้วยขวาง
1271,51,5,11900000,ห้วยขวาง
1272,41,6,8500000,ห้วยขวาง
1273,26,3,10500007,ห้วยขวาง
1274,52.2,5,15500000,ห้วยขวาง
1275,20.4,3,5850000,ห้วยขวาง
1276,97,5,38500000,ห้วยขวาง
1277,119.5,5,59000000,ห้วยขวาง
1278,38,10,21000000,ห้วยขวาง
1279,119.5,5,52000000,ห้วยขวาง
1280,26,3,10500000,ห้วยขวาง
1281,52,5,12000000,ห้วยขวาง
1282,54,3,18000000,ห้วยขวาง
1283,21,4,8500000,ห้วยขวาง
1284,27,4,4500000,ห้วยขวาง
1285,20,3,6500000,ห้วยขวาง
1286,19.4,4,5700000,ห้วยขวาง
1287,16.7,3,4490000,ห้วยขวาง
1288,20,3,10950000,ห้วยขวาง
1289,52,5,15500000,ห้วยขวาง
1290,143,4,19000000,ห้วยขวาง
1291,63,4,13500000,ห้วยขวาง
1292,380,4,76000000,ห้วยขวาง
1293,52.2,5,15500000,ห้วยขวาง
1294,58,4,18500000,ห้วยขวาง
1295,97,5,38500000,ห้วยขวาง
1296,24,6,6500000,ห้วยขวาง
1297,62,3,13300000,ห้วยขวาง
1298,62,3,13300000,ห้วยขวาง
1299,21.9,3,4300000,ห้วยขวาง
1300,18,3,17900000,ห้วยขวาง
1301,20,3,8900000,ห้วยขวาง
1302,32.6,2,13500000,ห้วยขวาง
1303,55,3,15500000,ห้วยขวาง
1304,70,3,13500000,ห้วยขวาง
1305,51,5,11900000,ห้วยขวาง
1306,98,6,14000000,ห้วยขวาง
1307,25,3,3590000,ห้วยขวาง
1308,97,5,38500000,ห้วยขวาง
1309,20,3,14900000,ห้วยขวาง
1310,18.9,3,14900000,ห้วยขวาง
1311,21,2,3900000,ห้วยขวาง
1312,120,4,72000000,ห้วยขวาง
1313,23,4,13900000,ห้วยขวาง
1314,30,4,6400000,ห้วยขวาง
1315,53.8,5,32900000,ห้วยขวาง
1316,120,6,23000000,ห้วยขวาง
1317,26,4,5200000,ห้วยขวาง
1318,23.1,4,10000000,ห้วยขวาง
1319,27,3,3900000,ห้วยขวาง
1320,24,3,8300000,ห้วยขวาง
